room,wall_A_offset,wall_B_offset
11R0,0.0,0.0
00W1,3.493103,3.543092
10R1,3.72602,2.997604
00R0,0.0,0.0
00W0,0.0,0.0
11B1,3.836253,3.802011
01W1,3.116031,2.757546
10B0,0.0,0.0
11B0,0.0,0.0
01W0,0.0,0.0
00B0,0.0,0.0
10B1,2.819529,2.533921
