,pair_duration,c2-c1,h2-h1,i2-i1,n2-n1,c1,h1,i1,n1,c2,h2,i2,n2
0,0.0847457627118644,0.5,0.5,0.5,1.0,0.0,1.0,0.5,0.0,0.0,1.0,0.0,1.0
1,0.016949152542373058,0.5,0.5,1.0,0.0,0.0,1.0,0.0,1.0,0.0,1.0,0.0,0.0
2,0.6440677966101696,0.5,1.0,0.5,1.0,1.0,0.0,1.0,0.0,1.0,1.0,1.0,1.0
3,1.0,0.0,0.5,1.0,0.5,1.0,1.0,0.5,1.0,0.0,1.0,1.0,1.0
4,0.0,0.5,0.0,0.0,1.0,0.0,1.0,1.0,0.0,0.0,0.0,0.0,1.0
5,0.5084745762711864,1.0,0.0,0.5,0.5,0.0,1.0,0.5,1.0,1.0,0.0,0.0,1.0
6,0.1694915254237288,0.5,0.5,0.0,0.0,1.0,1.0,1.0,1.0,1.0,1.0,0.0,0.0
7,0.1186440677966103,0.5,0.5,1.0,0.0,1.0,0.0,0.5,1.0,1.0,0.0,1.0,0.0
