room,wall_A_offset,wall_B_offset
00R1,2.543535,3.728538
11R1,3.721168,3.589374
00W0,0.0,0.0
11R0,0.0,0.0
01R1,3.156819,3.119739
10B1,3.674291,3.329585
01B0,0.0,0.0
01B1,3.237937,2.769585
10B0,0.0,0.0
00B1,2.639256,2.582079
11B1,3.330454,3.879192
10W0,0.0,0.0
