,pair_duration,c2-c1,h2-h1,i2-i1,n2-n1,c1,h1,i1,n1,c2,h2,i2,n2
0,0.016949152542373058,1.0,0.5,0.5,0.0,0.0,1.0,0.0,1.0,0.0,1.0,0.0,0.0
1,0.6440677966101696,1.0,1.0,0.25,1.0,1.0,0.0,1.0,0.0,1.0,1.0,0.5,1.0
2,1.0,0.0,0.5,0.5,0.5,1.0,1.0,0.5,1.0,0.0,1.0,0.5,1.0
3,0.0,1.0,0.0,0.0,1.0,0.0,1.0,1.0,0.0,0.0,0.0,0.0,1.0
4,0.1694915254237288,1.0,0.5,0.0,0.0,1.0,1.0,1.0,1.0,1.0,1.0,0.0,0.0
5,0.1186440677966103,1.0,0.5,0.5,0.0,1.0,0.0,0.5,1.0,1.0,0.0,0.5,0.0
6,0.1186440677966103,1.0,0.5,1.0,0.0,1.0,1.0,0.0,1.0,1.0,1.0,1.0,0.0
7,0.4406779661016951,1.0,1.0,0.75,0.5,0.0,0.0,0.5,1.0,0.0,1.0,1.0,1.0
