room,wall_A_offset,wall_B_offset
00R1,2.874645,3.738929
11R0,0.0,0.0
01R0,0.0,0.0
01B1,2.704627,3.505875
11W1,3.481704,3.661702
11R1,2.981857,2.771966
10R1,2.528977,2.856838
00B0,0.0,0.0
00R0,0.0,0.0
00W1,3.249519,3.057298
00W0,0.0,0.0
01B0,0.0,0.0
