room,wall_A_offset,wall_B_offset
10R0,0.0,0.0
11R0,0.0,0.0
10B1,3.528581,2.696203
01R0,0.0,0.0
10W1,2.815729,3.065996
11R1,3.986038,2.673589
01W0,0.0,0.0
00B1,2.598605,3.167898
01R1,2.526139,3.696127
00W0,0.0,0.0
00W1,3.243294,3.879742
11B1,2.986114,2.621769
