,pair_duration,c2-c1,h2-h1,i2-i1,n2-n1,c1,h1,i1,n1,c2,h2,i2,n2
0,0.1337209302325581,0.5,0.0,0.5,0.0,0.0,1.0,0.0,1.0,0.0,0.0,0.0,0.0
1,0.034883720930232565,0.0,0.0,1.0,0.0,1.0,1.0,0.5,1.0,0.0,0.0,1.0,0.0
2,0.11627906976744179,0.0,0.5,0.0,0.0,1.0,1.0,0.5,1.0,0.0,1.0,0.0,0.0
3,0.02906976744186046,0.5,0.5,1.0,1.0,1.0,0.0,0.5,0.0,1.0,0.0,1.0,1.0
4,1.0,0.5,0.0,0.0,1.0,1.0,1.0,0.5,0.0,1.0,0.0,0.0,1.0
5,0.052325581395348875,0.5,0.5,0.5,0.0,1.0,0.0,0.5,1.0,1.0,0.0,0.5,0.0
6,0.0,0.0,1.0,0.0,1.0,1.0,0.0,0.5,0.0,0.0,1.0,0.0,1.0
7,0.09302325581395349,1.0,0.5,0.5,1.0,0.0,0.0,1.0,0.0,1.0,0.0,1.0,1.0
