,pair_duration,c2-c1,h2-h1,i2-i1,n2-n1,c1,h1,i1,n1,c2,h2,i2,n2
0,0.0,0.0,0.0,0.0,1.0,0.0,1.0,1.0,0.0,0.0,0.0,0.0,1.0
1,1.0,1.0,0.0,0.25,0.5,0.0,1.0,0.5,1.0,1.0,0.0,0.0,1.0
2,0.3333333333333335,0.0,0.5,0.0,0.0,1.0,1.0,1.0,1.0,1.0,1.0,0.0,0.0
3,0.2333333333333334,0.0,0.5,0.5,0.0,1.0,0.0,0.5,1.0,1.0,0.0,0.5,0.0
4,0.2333333333333334,0.0,0.5,1.0,0.0,1.0,1.0,0.0,1.0,1.0,1.0,1.0,0.0
5,0.8666666666666667,0.0,1.0,0.75,0.5,0.0,0.0,0.5,1.0,0.0,1.0,1.0,1.0
