,pair_duration,c2-c1,h2-h1,i2-i1,n2-n1,c1,h1,i1,n1,c2,h2,i2,n2
0,0.13872832369942195,0.5,0.0,0.6666666666666666,0.0,0.0,1.0,0.0,1.0,0.0,0.0,0.0,0.0
1,0.034682080924855474,0.5,0.5,1.0,1.0,1.0,0.0,0.5,0.0,1.0,0.0,1.0,1.0
2,1.0,0.5,0.0,0.3333333333333333,1.0,1.0,1.0,0.5,0.0,1.0,0.0,0.0,1.0
3,0.05780346820809251,0.5,0.5,0.6666666666666666,0.0,1.0,0.0,0.5,1.0,1.0,0.0,0.5,0.0
4,0.005780346820809246,0.0,1.0,0.3333333333333333,1.0,1.0,0.0,0.5,0.0,0.0,1.0,0.0,1.0
5,0.0,0.0,0.5,0.0,0.5,1.0,0.0,1.0,0.0,0.0,0.0,0.0,0.0
6,0.09826589595375718,1.0,0.5,0.6666666666666666,1.0,0.0,0.0,1.0,0.0,1.0,0.0,1.0,1.0
