room,wall_A_offset,wall_B_offset
00R0,0.0,0.0
01R1,2.827906,3.152196
00R1,2.914197,3.660237
01B1,3.020859,2.972838
00B1,3.394818,2.862194
00W0,0.0,0.0
00W1,3.938017,3.519654
10R0,0.0,0.0
01B0,0.0,0.0
00B0,0.0,0.0
01W0,0.0,0.0
01R0,0.0,0.0
