room,wall_A_offset,wall_B_offset
11B1,3.405347,2.728797
00W0,0.0,0.0
10B1,3.560259,3.415464
11W0,0.0,0.0
00B0,0.0,0.0
10W0,0.0,0.0
10R0,0.0,0.0
01R0,0.0,0.0
00R0,0.0,0.0
11W1,3.291909,3.728492
00R1,3.014496,3.5815
01B0,0.0,0.0
