room,wall_A_offset,wall_B_offset
10W1,3.434782,3.330729
01B0,0.0,0.0
11R1,3.932203,2.661596
11B1,2.844523,3.495667
11R0,0.0,0.0
00R0,0.0,0.0
10R1,2.891308,3.685049
00B1,3.131001,2.749397
11W0,0.0,0.0
10R0,0.0,0.0
00W1,3.683081,2.749718
01R1,3.468612,3.329218
