room,wall_A_offset,wall_B_offset
01B1,3.337229,3.995514
00W0,0.0,0.0
01W0,0.0,0.0
10B1,2.500275,2.851436
10R0,0.0,0.0
11B1,3.541582,3.320841
11R1,3.171834,3.890912
01R0,0.0,0.0
10W1,3.597796,3.318415
00B0,0.0,0.0
11R0,0.0,0.0
11B0,0.0,0.0
