room,wall_A_offset,wall_B_offset
11B0,0.0,0.0
01W1,3.231895,2.685308
10R1,3.663717,2.835047
10B0,0.0,0.0
01B0,0.0,0.0
01R0,0.0,0.0
10B1,2.751503,3.127018
00B0,0.0,0.0
00B1,3.953581,3.140065
00R0,0.0,0.0
01W0,0.0,0.0
11W0,0.0,0.0
