room,wall_A_offset,wall_B_offset
10R1,2.501602,2.61774
10R0,0.0,0.0
00R1,3.915036,3.660329
01W1,3.220679,2.962813
00W0,0.0,0.0
10B0,0.0,0.0
01W0,0.0,0.0
01B0,0.0,0.0
11W0,0.0,0.0
01B1,2.62328,2.639027
00B1,2.585421,3.302301
11B1,3.682714,3.139058
