room,wall_A_offset,wall_B_offset
10R0,0.0,0.0
10R1,2.752602,3.926435
00W1,3.237709,3.346202
01B0,0.0,0.0
11B1,3.338923,2.722754
11W1,3.947172,2.915982
01R1,3.873333,2.869838
00R1,3.927259,3.698828
11W0,0.0,0.0
00W0,0.0,0.0
11R1,3.570055,2.933287
10B0,0.0,0.0
