room,wall_A_offset,wall_B_offset
10W0,0.0,0.0
00B0,0.0,0.0
01B1,2.591464,2.699042
11B1,3.660008,3.53119
11W0,0.0,0.0
01R1,3.958663,3.344783
00R0,0.0,0.0
11B0,0.0,0.0
00R1,3.47145,2.700461
00W0,0.0,0.0
11W1,3.085315,3.653096
01R0,0.0,0.0
