room,wall_A_offset,wall_B_offset
11W1,3.969512,3.530229
10B1,3.500885,3.823893
11W0,0.0,0.0
00B1,3.956923,3.678045
10W1,2.797693,2.747841
00R1,3.038575,3.738746
10B0,0.0,0.0
01B1,2.639531,2.787759
01W1,2.811655,3.09772
11R0,0.0,0.0
01B0,0.0,0.0
10R1,3.60036,2.558687
