room,wall_A_offset,wall_B_offset
11B0,0.0,0.0
11W1,3.803247,3.223975
10R1,3.852367,2.533555
01R1,3.956511,3.435881
01B1,3.714667,3.53705
00B0,0.0,0.0
10W1,3.010697,2.654546
10R0,0.0,0.0
11W0,0.0,0.0
10B0,0.0,0.0
00W0,0.0,0.0
01R0,0.0,0.0
